n, greedy, genetic, recursive
5, 5.735e-06, 0.47114, 0.00107526
50, 0.000199795, 0.492006, 0.0414286
100, 0.000717665, 1.16071, 0.165951
500, 0.0175614, 2.528, 3.76374
